{
  "project_info": {
    "project_number": "806414533766",
    "firebase_url": "https://blecamera-788bf.firebaseio.com",
    "project_id": "blecamera-788bf",
    "storage_bucket": "blecamera-788bf.appspot.com"
  },
  "client": [
    {
      "client_info": {
        "mobilesdk_app_id": "1:806414533766:android:5f84087408a40e39",
        "android_client_info": {
          "package_name": "com.things.android.app.camera"
        }
      },
      "oauth_client": [
        {
          "client_id": "806414533766-e83bu8rgr47nb68hc927e784pflk5msn.apps.googleusercontent.com",
          "client_type": 3
        }
      ],
      "api_key": [
        {
          "current_key": "AIzaSyAviMx1yThvxhfdroXvITuARdk8vG47WLA"
        }
      ],
      "services": {
        "analytics_service": {
          "status": 1
        },
        "appinvite_service": {
          "status": 1,
          "other_platform_oauth_client": []
        },
        "ads_service": {
          "status": 2
        }
      }
    }
  ],
  "configuration_version": "1"
}